dataset,local_path,source_url,license,documented_image_count,local_image_count,annotation_format,splits,provenance,quality_notes,duplicate_or_leakage_notes,usable_target_classes,status
Roboflow E-Waste Dataset v44,data/raw/external/roboflow_ewaste_v44,https://universe.roboflow.com/electronic-waste-detection/e-waste-dataset-r0ojc,CC BY 4.0 (dataset-level; README.dataset.txt and COCO licenses[].name),19613,19604,COCO object detection (mixed bounding-box and polygon),train/valid/test,"Exported 2024-06-11 v44 via Roboflow. README: almost entirely cloned from 91 listed Roboflow datasets [1]-[91] (includes Microsoft COCO); some Wikimedia Commons images claimed public domain and manually annotated. Author citation: Iliev 2024 SIELA / TU Sofia / OvGU Magdeburg. Dataset-level CC BY 4.0 does not prove license of every cloned underlying image.","Preprocessed by Roboflow: auto-orient EXIF strip; resize 640x640 fit with black edges; no augmentation in this export. 77 used classes + unused Electronic-Waste category id 0. 28917 objects. 3 train images have no annotations. Candidate visual audit: CRT-Monitor/CRT-TV/PCB/Battery usable with filtering; Flat-Panel-Monitor and Flat-Panel-TV not LCD-specific (LED+LCD lumped; OLED not distinguished; whole devices). Battery split inverted (valid 248 images > train 139).","No identical filenames across splits. Shared original stems train∩valid 555, train∩test 328, valid∩test 176. Byte-identical pairs despite different .rf hashes: 135 / 73 / 17. Flat-Panel-Monitor: 74 extra MD5 copies (38 cross-split groups). 9-image gap vs README 19613 is documentation vs this zip/export (zip also contains 19604 images); extraction matched the zip.",crt; pcb; battery,APPROVED_WITH_FILTERING
Kaggle E-Waste Image Dataset,data/raw/external/kaggle_ewaste/dataset/modified-dataset,https://www.kaggle.com/datasets/akshat103/e-waste-image-dataset,Apache 2.0 (dataset-level; docs/dataset_sources.md: verify underlying image provenance before redistribution),UNKNOWN,3000,none (ImageFolder classification; class subfolders only),train/val/test,"Kaggle dataset akshat103/e-waste-image-dataset. Local zip e-waste-image-dataset.zip present beside extracted dataset/. Per-image authors not provided in the extract. Visual audit found iStock watermark (Battery) and Dreamstime watermarks (PCB). Dataset-level Apache 2.0 does not prove those stock licenses.","All 3000 files are 150x150 .jpg. 10 classes x 300 images (240/30/30). Zero empty folders; all JPEGs decoded. Battery visual sample: all 20 were actual batteries (USE). PCB visual sample: all 20 contained PCBs but include graphics/stock/composites (USE_WITH_CAUTION). Device classes Keyboard Microwave Mobile Mouse Player Printer Television Washing Machine not mapped to SIH materials.","3000 files / 2964 unique SHA-256 hashes; 35 duplicate groups / 36 extra copies. No cross-class identical images. 7 same-class train/val or train/test leakage pairs (Mouse, Player, Television, Printer). No filename collisions across splits.",battery; pcb,APPROVED_PARTIAL
TACO,data/raw/external/taco,https://tacodataset.org/,Annotations CC BY 4.0; individual images have source-specific licenses recorded in the annotations (docs/dataset_sources.md),UNKNOWN,UNKNOWN,UNKNOWN (not audited this round),UNKNOWN,"Documented only. Local folder exists; contents/counts not audited this round. No automatic class mapping created.","docs/dataset_sources.md: OPTIONAL supplementary for mixed_plastics; use only images whose individual licenses permit intended use. Plastic objects proposed -> mixed_plastics; cable/electronic objects only if visually appropriate. Not treated as a final mapping.",UNKNOWN,NONE,REQUIRES_REVIEW
XBAT+,data/raw/external/xbat_plus,https://doi.org/10.5281/zenodo.18022530,CC BY-NC-ND 4.0 (non-commercial no-derivatives) as stated in docs/dataset_sources.md; the same bullet also contains mixed CC BY 4.0 wording — REQUIRES_REVIEW,421 RGB documented (330 train + 91 test); X-ray subset not used as RGB training mix,UNKNOWN,UNKNOWN (not audited this round),UNKNOWN,"University of Limerick / Zenodo. Local folder exists; local file count not audited this round.","docs: 15 WEEE categories; battery labels are device-category not SIH battery material. Decision: USE RGB subset as supplementary battery-WEEE context; do not use device-category labels as direct battery labels. X-ray must not be mixed with RGB training data.",UNKNOWN,NONE,DOCUMENTED_NO_DIRECT_MATERIAL_MAPPING
Laptop Components Dataset (Mendeley),UNKNOWN,https://data.mendeley.com/datasets/pwctygncrj/4,CC BY-NC-ND 4.0 (non-commercial no-derivatives) as stated in docs/dataset_sources.md,29120 (docs); 3640 raw (140 per class x 26),UNKNOWN,UNKNOWN,UNKNOWN,"East West University / Mendeley Data. Not present as a named folder under data/raw/external in this round. License recorded in docs but no local visual/provenance audit.","docs propose Battery->battery LCDScreen->lcd_panel DCCable->cable LVDSCable->cable. Domain bias toward HP laptop components. Augmented images must not be counted as independent real samples. No final mapping in class_mapping.csv.",UNKNOWN,NONE,REQUIRES_REVIEW_NO_FINAL_MAPPING
RecyBat24,UNKNOWN,https://doi.org/10.5281/zenodo.15226091,CC BY-NC-ND 4.0 (non-commercial no-derivatives) as stated in docs/dataset_sources.md,2828 non-augmented (docs); augmented release larger — do not treat as independent real samples,UNKNOWN,UNKNOWN (docs: RGB with detection annotations),UNKNOWN,"University of Calabria / Zenodo. Not present as a named folder under data/raw/external in this round. License recorded in docs but no local visual/provenance audit.","docs propose cylindrical/pouch/prismatic -> battery. Li-ion focused. No final mapping in class_mapping.csv.",UNKNOWN,NONE,REQUIRES_REVIEW_NO_FINAL_MAPPING
WasteNet,UNKNOWN,UNKNOWN,MUST be verified from the original dataset repository before use (docs/dataset_sources.md),UNKNOWN,UNKNOWN,UNKNOWN,UNKNOWN,"Public waste-image dataset listed in docs/dataset_sources.md only. URL not given there.","CANDIDATE ONLY; approve after source/license/class inspection. Primary use mixed_plastics in docs. No mapping created.",UNKNOWN,NONE,CANDIDATE_ONLY
University of Birmingham EV Motor Disassembly,UNKNOWN,https://edata.bham.ac.uk/605/,CC BY 4.0 (docs/dataset_sources.md),1 publicly visible image (docs),UNKNOWN,UNKNOWN,UNKNOWN,"University of Birmingham eData. Not locally audited this round.","docs: motor imagery -> motor supplementary only; magnet/disassembly NOT automatically mapped to magnet_bearing_assembly. Not sufficient for model training.",UNKNOWN,NONE,REFERENCE_ONLY
Custom Bangladeshi E-Waste Image Dataset,UNKNOWN,https://data.mendeley.com/datasets/77383kmdnw/1,CC BY 4.0 (docs/dataset_sources.md),2157,UNKNOWN,UNKNOWN,UNKNOWN,"Mendeley Data / East West University. Not present as a named folder under data/raw/external in this round. No local visual audit this round.","docs propose Battery Waste->battery PCB->pcb Plastic Waste->mixed_plastics supplementary. Not a final mapping in class_mapping.csv.",UNKNOWN,NONE,REQUIRES_REVIEW_NO_FINAL_MAPPING
